<?xml version="1.0" encoding="utf-8"?>
<!--/257565/1563334/2.50/3/2/Diode/-->
<quadcept_library>
  <setting unit="mil" />
  <textstyle name="Default" height="47.244094488189" strokewidth="7.8740157480315" charwidth="47.244094488189" />
  <textstyle name="Dimension" height="19.6850393700787" strokewidth="0" charwidth="19.6850393700787" />
  <textstyle name="H127W0635TH00762" height="50" strokewidth="3" charwidth="25" />
  <textstyle name="H15W15TH02" height="59.0551181102362" strokewidth="7.8740157480315" charwidth="59.0551181102362" />
  <padstyle name="r140_139" surface="True" plated="False" isvia="False" nopaste="False" nomask="True" complex="False" holesize="0">
    <padshape layer="TOP" shape="rectangle" width="54.724409448818" height="55.11811023622" />
    <padshape layer="TOP_SOLDER_MASK" shape="rectangle" width="62.59842519685" height="62.992125984251" />
    <padshape layer="TOP_SOLDER_PASTE" shape="rectangle" width="54.724409448818" height="55.11811023622" />
  </padstyle>
  <padstyle name="r486_336" surface="True" plated="False" isvia="False" nopaste="False" nomask="True" complex="False" holesize="0">
    <padshape layer="TOP" shape="rectangle" width="132.28346456693" height="191.33858267716" />
    <padshape layer="TOP_SOLDER_MASK" shape="rectangle" width="140.15748031496" height="199.21259842519" />
    <padshape layer="TOP_SOLDER_PASTE" shape="rectangle" width="132.28346456693" height="191.33858267716" />
  </padstyle>
  <footprint name="PDS104013" originx="0" originy="0" pickpointx="0" pickpointy="0">
    <pcbpin number="1" name="1" style="r140_139" originx="-112.44094488189" originy="36.220472440944" rotation="90" />
    <pcbpin number="2" name="2" style="r140_139" originx="-112.44094488189" originy="-36.220472440944" rotation="90" />
    <pcbpin number="3" name="3" style="r486_336" originx="44.330708661417" originy="0" rotation="90" />
    <line layer="TOP_ASSEMBLY" originx="-105.70866141732" originy="-78.070866141731" endx="105.70866141732" endy="-78.070866141731" width="3.9370078740157" />
    <line layer="TOP_ASSEMBLY" originx="105.70866141732" originy="-78.070866141731" endx="105.70866141732" endy="78.070866141731" width="3.9370078740157" />
    <line layer="TOP_ASSEMBLY" originx="105.70866141732" originy="78.070866141731" endx="-105.70866141732" endy="78.070866141731" width="3.9370078740157" />
    <line layer="TOP_ASSEMBLY" originx="-105.70866141732" originy="78.070866141731" endx="-105.70866141732" endy="-78.070866141731" width="3.9370078740157" />
    <line layer="TOP_PLACE_BOUND" originx="-179.37007874016" originy="-117.44094488189" endx="179.37007874016" endy="-117.44094488189" width="3.9370078740157" />
    <line layer="TOP_PLACE_BOUND" originx="179.37007874016" originy="-117.44094488189" endx="179.37007874016" endy="117.44094488189" width="3.9370078740157" />
    <line layer="TOP_PLACE_BOUND" originx="179.37007874016" originy="117.44094488189" endx="-179.37007874016" endy="117.44094488189" width="3.9370078740157" />
    <line layer="TOP_PLACE_BOUND" originx="-179.37007874016" originy="117.44094488189" endx="-179.37007874016" endy="-117.44094488189" width="3.9370078740157" />
    <line layer="TOP_SILKSCREEN" originx="-157.48031496063" originy="36.220472440944" endx="-157.48031496063" endy="36.220472440944" width="3.9370078740157" />
    <arc layer="TOP_SILKSCREEN" originx="-159.44881889764" originy="36.220472440944" startangle=".0" sweepangle="180.0" radius="1.9685039370078" width="3.9370078740157" />
    <line layer="TOP_SILKSCREEN" originx="-161.41732283464" originy="36.220472440944" endx="-161.41732283464" endy="36.220472440944" width="3.9370078740157" />
    <arc layer="TOP_SILKSCREEN" originx="-159.44881889764" originy="36.220472440944" startangle="180.0" sweepangle="180.0" radius="1.9685039370078" width="3.9370078740157" />
  </footprint>
  <symbol name="PDS1040-13" originx="0" originy="0">
    <line originx="1120" originy="20" endx="920" endy="-80" width="0" />
    <line originx="920" originy="120" endx="920" endy="-80" width="0" />
    <line originx="920" originy="120" endx="1120" endy="20" width="0" />
    <line originx="1120" originy="120" endx="1120" endy="-80" width="0" />
    <line originx="920" originy="20" endx="670" endy="20" width="0" />
    <line originx="1370" originy="20" endx="1120" endy="20" width="0" />
    <line originx="670" originy="20" endx="670" endy="180" width="0" />
    <line originx="0" originy="180" endx="670" endy="180" width="0" />
    <line originx="670" originy="20" endx="670" endy="-140" width="0" />
    <line originx="0" originy="-140" endx="670" endy="-140" width="0" />
    <sympin number="1" originx="0" originy="180" rotation="180" length="100" width="7.8740157480315" flipped="False">
      <text name="pinname" originx="30" originy="180" style="Default" rotation="0" justify="left" flipped="False" hidden="True" data="A1" />
      <text name="pindes" originx="-60" originy="200" style="Default" rotation="0" justify="lowerright" flipped="False" hidden="False" data="1" />
    </sympin>
    <sympin number="2" originx="0" originy="-140" rotation="180" length="100" width="7.8740157480315" flipped="False">
      <text name="pinname" originx="30" originy="-140" style="Default" rotation="0" justify="left" flipped="False" hidden="True" data="A2" />
      <text name="pindes" originx="-60" originy="-120" style="Default" rotation="0" justify="lowerright" flipped="False" hidden="False" data="2" />
    </sympin>
    <sympin number="3" originx="1370" originy="20" rotation="0" length="100" width="7.8740157480315" flipped="False">
      <text name="pinname" originx="1340" originy="20" style="Default" rotation="0" justify="right" flipped="False" hidden="True" data="K" />
      <text name="pindes" originx="1430" originy="40" style="Default" rotation="0" justify="lowerleft" flipped="False" hidden="False" data="3" />
    </sympin>
  </symbol>
  <component name="PDS1040-13" designatorprefix="D" height="45.275590551181" footprint="PDS104013">
    <comppin designator="1" sympin="1" pinswap="0" gateswap="0" gate="1" group="1" side="" type="Any" name="A1" />
    <comppin designator="2" sympin="2" pinswap="0" gateswap="0" gate="1" group="1" side="" type="Any" name="A2" />
    <comppin designator="3" sympin="3" pinswap="0" gateswap="0" gate="1" group="1" side="" type="Any" name="K" />
    <attached_symbol gate="1" name="PDS1040-13" />
    <pinmap designator="1" footprintpin="1" />
    <pinmap designator="2" footprintpin="2" />
    <pinmap designator="3" footprintpin="3" />
    <text name="Datasheet" originx="0" originy="0" style="Default" rotation="0" justify="" flipped="False" hidden="True" data="https://www.diodes.com//assets/Datasheets/PDS1040.pdf" />
    <text name="Description" originx="0" originy="0" style="Default" rotation="0" justify="" flipped="False" hidden="True" data="Diodes Inc PDS1040-13 SMT Schottky Diode, 40V 10A, 3-Pin PowerDI 5" />
    <text name="Mouser Part Number" originx="0" originy="0" style="Default" rotation="0" justify="" flipped="False" hidden="True" data="621-PDS1040-13" />
    <text name="Mouser Price/Stock" originx="0" originy="0" style="Default" rotation="0" justify="" flipped="False" hidden="True" data="https://www.mouser.co.uk/ProductDetail/Diodes-Incorporated/PDS1040-13?qs=JV7lzlMm3yIIoUGcW9e7Dg%3D%3D" />
    <text name="Manufacturer_Name" originx="0" originy="0" style="Default" rotation="0" justify="" flipped="False" hidden="True" data="Diodes Incorporated" />
    <text name="Manufacturer_Part_Number" originx="660" originy="-70" style="Default" rotation="0" justify="lowerright" flipped="False" hidden="False" data="PDS1040-13" />
  </component>
</quadcept_library>
