<?xml version="1.0" encoding="utf-8"?>
<!--/20051172/1563334/2.50/14/3/Integrated Circuit/-->
<quadcept_library>
  <setting unit="mil" />
  <textstyle name="Default" height="47.244094488189" strokewidth="7.8740157480315" charwidth="47.244094488189" />
  <textstyle name="Dimension" height="19.6850393700787" strokewidth="0" charwidth="19.6850393700787" />
  <textstyle name="H127W0635TH00762" height="50" strokewidth="3" charwidth="25" />
  <textstyle name="H15W15TH02" height="59.0551181102362" strokewidth="7.8740157480315" charwidth="59.0551181102362" />
  <padstyle name="r180_150" surface="True" plated="False" isvia="False" nopaste="False" nomask="True" complex="False" holesize="0">
    <padshape layer="TOP" shape="rectangle" width="59.055118110235" height="70.866141732283" />
    <padshape layer="TOP_SOLDER_MASK" shape="rectangle" width="66.929133858267" height="78.740157480314" />
    <padshape layer="TOP_SOLDER_PASTE" shape="rectangle" width="59.055118110235" height="70.866141732283" />
  </padstyle>
  <padstyle name="r210_180" surface="True" plated="False" isvia="False" nopaste="False" nomask="True" complex="False" holesize="0">
    <padshape layer="TOP" shape="rectangle" width="70.866141732283" height="82.67716535433" />
    <padshape layer="TOP_SOLDER_MASK" shape="rectangle" width="78.740157480314" height="90.551181102361" />
    <padshape layer="TOP_SOLDER_PASTE" shape="rectangle" width="70.866141732283" height="82.67716535433" />
  </padstyle>
  <padstyle name="r295_270" surface="True" plated="False" isvia="False" nopaste="False" nomask="True" complex="False" holesize="0">
    <padshape layer="TOP" shape="rectangle" width="106.29921259842" height="116.14173228346" />
    <padshape layer="TOP_SOLDER_MASK" shape="rectangle" width="114.17322834646" height="124.01574803149" />
    <padshape layer="TOP_SOLDER_PASTE" shape="rectangle" width="106.29921259842" height="116.14173228346" />
  </padstyle>
  <padstyle name="r290_280" surface="True" plated="False" isvia="False" nopaste="False" nomask="True" complex="False" holesize="0">
    <padshape layer="TOP" shape="rectangle" width="110.23622047244" height="114.17322834646" />
    <padshape layer="TOP_SOLDER_MASK" shape="rectangle" width="118.11023622047" height="122.04724409449" />
    <padshape layer="TOP_SOLDER_PASTE" shape="rectangle" width="110.23622047244" height="114.17322834646" />
  </padstyle>
  <footprint name="PASCO2V15AUMA1" originx="0" originy="0" pickpointx="0" pickpointy="0">
    <pcbpin number="1" name="1" style="r210_180" originx="-200" originy="-198.81889763779" rotation="90" />
    <pcbpin number="2" name="2" style="r180_150" originx="-99.999999999999" originy="-198.81889763779" rotation="0" />
    <pcbpin number="3" name="3" style="r180_150" originx="0" originy="-198.81889763779" rotation="0" />
    <pcbpin number="4" name="4" style="r180_150" originx="99.999999999999" originy="-198.81889763779" rotation="0" />
    <pcbpin number="5" name="5" style="r210_180" originx="200" originy="-198.81889763779" rotation="90" />
    <pcbpin number="6" name="6" style="r210_180" originx="200" originy="198.81889763779" rotation="90" />
    <pcbpin number="7" name="7" style="r180_150" originx="99.999999999999" originy="198.81889763779" rotation="0" />
    <pcbpin number="8" name="8" style="r180_150" originx="0" originy="198.81889763779" rotation="0" />
    <pcbpin number="9" name="9" style="r180_150" originx="-99.999999999999" originy="198.81889763779" rotation="0" />
    <pcbpin number="10" name="10" style="r210_180" originx="-200" originy="198.81889763779" rotation="90" />
    <pcbpin number="11" name="11" style="r295_270" originx="-104.52755905512" originy="88.385826771652" rotation="0" />
    <pcbpin number="12" name="12" style="r295_270" originx="-149.8031496063" originy="-88.385826771652" rotation="0" />
    <pcbpin number="13" name="13" style="r290_280" originx="139.76377952756" originy="-95.078740157479" rotation="90" />
    <pcbpin number="14" name="14" style="r290_280" originx="139.76377952756" originy="95.078740157479" rotation="90" />
    <line layer="TOP_ASSEMBLY" originx="-271.65354330708" originy="275.5905511811" endx="271.65354330708" endy="275.5905511811" width="3.9370078740157" />
    <line layer="TOP_ASSEMBLY" originx="271.65354330708" originy="275.5905511811" endx="271.65354330708" endy="-275.5905511811" width="3.9370078740157" />
    <line layer="TOP_ASSEMBLY" originx="271.65354330708" originy="-275.5905511811" endx="-271.65354330708" endy="-275.5905511811" width="3.9370078740157" />
    <line layer="TOP_ASSEMBLY" originx="-271.65354330708" originy="-275.5905511811" endx="-271.65354330708" endy="275.5905511811" width="3.9370078740157" />
    <line layer="TOP_PLACE_BOUND" originx="-311.02362204724" originy="314.96062992126" endx="311.02362204724" endy="314.96062992126" width="3.9370078740157" />
    <line layer="TOP_PLACE_BOUND" originx="311.02362204724" originy="314.96062992126" endx="311.02362204724" endy="-314.96062992126" width="3.9370078740157" />
    <line layer="TOP_PLACE_BOUND" originx="311.02362204724" originy="-314.96062992126" endx="-311.02362204724" endy="-314.96062992126" width="3.9370078740157" />
    <line layer="TOP_PLACE_BOUND" originx="-311.02362204724" originy="-314.96062992126" endx="-311.02362204724" endy="314.96062992126" width="3.9370078740157" />
    <line layer="TOP_SILKSCREEN" originx="-271.65354330708" originy="275.5905511811" endx="271.65354330708" endy="275.5905511811" width="7.8740157480314" />
    <line layer="TOP_SILKSCREEN" originx="271.65354330708" originy="275.5905511811" endx="271.65354330708" endy="-275.5905511811" width="7.8740157480314" />
    <line layer="TOP_SILKSCREEN" originx="271.65354330708" originy="-275.5905511811" endx="-271.65354330708" endy="-275.5905511811" width="7.8740157480314" />
    <line layer="TOP_SILKSCREEN" originx="-271.65354330708" originy="-275.5905511811" endx="-271.65354330708" endy="275.5905511811" width="7.8740157480314" />
    <line layer="TOP_SILKSCREEN" originx="-200" originy="-295.27559055118" endx="-200" endy="-295.27559055118" width="3.9370078740157" />
    <arc layer="TOP_SILKSCREEN" originx="-200" originy="-297.24409448819" startangle="90.0" sweepangle="180.0" radius="1.9685039370078" width="3.9370078740157" />
    <line layer="TOP_SILKSCREEN" originx="-200" originy="-299.21259842519" endx="-200" endy="-299.21259842519" width="3.9370078740157" />
    <arc layer="TOP_SILKSCREEN" originx="-200" originy="-297.24409448819" startangle="-90.0" sweepangle="180.0" radius="1.9685039370078" width="3.9370078740157" />
  </footprint>
  <symbol name="PASCO2V15AUMA1" originx="0" originy="0">
    <line originx="200" originy="100" endx="1100" endy="100" width="0" />
    <line originx="1100" originy="-700" endx="1100" endy="100" width="0" />
    <line originx="1100" originy="-700" endx="200" endy="-700" width="0" />
    <line originx="200" originy="100" endx="200" endy="-700" width="0" />
    <sympin number="1" originx="200" originy="0" rotation="180" length="100" width="7.8740157480315" flipped="False">
      <text name="pinname" originx="230" originy="0" style="Default" rotation="0" justify="left" flipped="False" hidden="False" data="VDD3.3" />
      <text name="pindes" originx="140" originy="20" style="Default" rotation="0" justify="lowerright" flipped="False" hidden="False" data="1" />
    </sympin>
    <sympin number="2" originx="200" originy="-100" rotation="180" length="100" width="7.8740157480315" flipped="False">
      <text name="pinname" originx="230" originy="-100" style="Default" rotation="0" justify="left" flipped="False" hidden="False" data="RX" />
      <text name="pindes" originx="140" originy="-80" style="Default" rotation="0" justify="lowerright" flipped="False" hidden="False" data="2" />
    </sympin>
    <sympin number="3" originx="200" originy="-200" rotation="180" length="100" width="7.8740157480315" flipped="False">
      <text name="pinname" originx="230" originy="-200" style="Default" rotation="0" justify="left" flipped="False" hidden="False" data="SCL" />
      <text name="pindes" originx="140" originy="-180" style="Default" rotation="0" justify="lowerright" flipped="False" hidden="False" data="3" />
    </sympin>
    <sympin number="4" originx="200" originy="-300" rotation="180" length="100" width="7.8740157480315" flipped="False">
      <text name="pinname" originx="230" originy="-300" style="Default" rotation="0" justify="left" flipped="False" hidden="False" data="TX/SDA" />
      <text name="pindes" originx="140" originy="-280" style="Default" rotation="0" justify="lowerright" flipped="False" hidden="False" data="4" />
    </sympin>
    <sympin number="5" originx="200" originy="-400" rotation="180" length="100" width="7.8740157480315" flipped="False">
      <text name="pinname" originx="230" originy="-400" style="Default" rotation="0" justify="left" flipped="False" hidden="False" data="PWM_DIS" />
      <text name="pindes" originx="140" originy="-380" style="Default" rotation="0" justify="lowerright" flipped="False" hidden="False" data="5" />
    </sympin>
    <sympin number="6" originx="200" originy="-500" rotation="180" length="100" width="7.8740157480315" flipped="False">
      <text name="pinname" originx="230" originy="-500" style="Default" rotation="0" justify="left" flipped="False" hidden="False" data="GND" />
      <text name="pindes" originx="140" originy="-480" style="Default" rotation="0" justify="lowerright" flipped="False" hidden="False" data="6" />
    </sympin>
    <sympin number="7" originx="200" originy="-600" rotation="180" length="100" width="7.8740157480315" flipped="False">
      <text name="pinname" originx="230" originy="-600" style="Default" rotation="0" justify="left" flipped="False" hidden="False" data="INT" />
      <text name="pindes" originx="140" originy="-580" style="Default" rotation="0" justify="lowerright" flipped="False" hidden="False" data="7" />
    </sympin>
    <sympin number="8" originx="1100" originy="0" rotation="0" length="100" width="7.8740157480315" flipped="False">
      <text name="pinname" originx="1070" originy="0" style="Default" rotation="0" justify="right" flipped="False" hidden="False" data="PSEL" />
      <text name="pindes" originx="1160" originy="20" style="Default" rotation="0" justify="lowerleft" flipped="False" hidden="False" data="8" />
    </sympin>
    <sympin number="9" originx="1100" originy="-100" rotation="0" length="100" width="7.8740157480315" flipped="False">
      <text name="pinname" originx="1070" originy="-100" style="Default" rotation="0" justify="right" flipped="False" hidden="False" data="PWM" />
      <text name="pindes" originx="1160" originy="-80" style="Default" rotation="0" justify="lowerleft" flipped="False" hidden="False" data="9" />
    </sympin>
    <sympin number="10" originx="1100" originy="-200" rotation="0" length="100" width="7.8740157480315" flipped="False">
      <text name="pinname" originx="1070" originy="-200" style="Default" rotation="0" justify="right" flipped="False" hidden="False" data="VDD5" />
      <text name="pindes" originx="1160" originy="-180" style="Default" rotation="0" justify="lowerleft" flipped="False" hidden="False" data="10" />
    </sympin>
    <sympin number="11" originx="1100" originy="-300" rotation="0" length="100" width="7.8740157480315" flipped="False">
      <text name="pinname" originx="1070" originy="-300" style="Default" rotation="0" justify="right" flipped="False" hidden="False" data="EP_1" />
      <text name="pindes" originx="1160" originy="-280" style="Default" rotation="0" justify="lowerleft" flipped="False" hidden="False" data="11" />
    </sympin>
    <sympin number="12" originx="1100" originy="-400" rotation="0" length="100" width="7.8740157480315" flipped="False">
      <text name="pinname" originx="1070" originy="-400" style="Default" rotation="0" justify="right" flipped="False" hidden="False" data="EP_2" />
      <text name="pindes" originx="1160" originy="-380" style="Default" rotation="0" justify="lowerleft" flipped="False" hidden="False" data="12" />
    </sympin>
    <sympin number="13" originx="1100" originy="-500" rotation="0" length="100" width="7.8740157480315" flipped="False">
      <text name="pinname" originx="1070" originy="-500" style="Default" rotation="0" justify="right" flipped="False" hidden="False" data="EP_3" />
      <text name="pindes" originx="1160" originy="-480" style="Default" rotation="0" justify="lowerleft" flipped="False" hidden="False" data="13" />
    </sympin>
    <sympin number="14" originx="1100" originy="-600" rotation="0" length="100" width="7.8740157480315" flipped="False">
      <text name="pinname" originx="1070" originy="-600" style="Default" rotation="0" justify="right" flipped="False" hidden="False" data="EP_4" />
      <text name="pindes" originx="1160" originy="-580" style="Default" rotation="0" justify="lowerleft" flipped="False" hidden="False" data="14" />
    </sympin>
  </symbol>
  <component name="PASCO2V15AUMA1" designatorprefix="IC" height="302.36220472441" footprint="PASCO2V15AUMA1">
    <comppin designator="1" sympin="1" pinswap="0" gateswap="0" gate="1" group="1" side="" type="Any" name="VDD3.3" />
    <comppin designator="2" sympin="2" pinswap="0" gateswap="0" gate="1" group="1" side="" type="Any" name="RX" />
    <comppin designator="3" sympin="3" pinswap="0" gateswap="0" gate="1" group="1" side="" type="Any" name="SCL" />
    <comppin designator="4" sympin="4" pinswap="0" gateswap="0" gate="1" group="1" side="" type="Any" name="TX/SDA" />
    <comppin designator="5" sympin="5" pinswap="0" gateswap="0" gate="1" group="1" side="" type="Any" name="PWM_DIS" />
    <comppin designator="6" sympin="6" pinswap="0" gateswap="0" gate="1" group="1" side="" type="Any" name="GND" />
    <comppin designator="7" sympin="7" pinswap="0" gateswap="0" gate="1" group="1" side="" type="Any" name="INT" />
    <comppin designator="8" sympin="8" pinswap="0" gateswap="0" gate="1" group="1" side="" type="Any" name="PSEL" />
    <comppin designator="9" sympin="9" pinswap="0" gateswap="0" gate="1" group="1" side="" type="Any" name="PWM" />
    <comppin designator="10" sympin="10" pinswap="0" gateswap="0" gate="1" group="1" side="" type="Any" name="VDD5" />
    <comppin designator="11" sympin="11" pinswap="0" gateswap="0" gate="1" group="1" side="" type="Any" name="EP_1" />
    <comppin designator="12" sympin="12" pinswap="0" gateswap="0" gate="1" group="1" side="" type="Any" name="EP_2" />
    <comppin designator="13" sympin="13" pinswap="0" gateswap="0" gate="1" group="1" side="" type="Any" name="EP_3" />
    <comppin designator="14" sympin="14" pinswap="0" gateswap="0" gate="1" group="1" side="" type="Any" name="EP_4" />
    <attached_symbol gate="1" name="PASCO2V15AUMA1" />
    <pinmap designator="1" footprintpin="1" />
    <pinmap designator="2" footprintpin="2" />
    <pinmap designator="3" footprintpin="3" />
    <pinmap designator="4" footprintpin="4" />
    <pinmap designator="5" footprintpin="5" />
    <pinmap designator="6" footprintpin="6" />
    <pinmap designator="7" footprintpin="7" />
    <pinmap designator="8" footprintpin="8" />
    <pinmap designator="9" footprintpin="9" />
    <pinmap designator="10" footprintpin="10" />
    <pinmap designator="11" footprintpin="11" />
    <pinmap designator="12" footprintpin="12" />
    <pinmap designator="13" footprintpin="13" />
    <pinmap designator="14" footprintpin="14" />
    <text name="Datasheet" originx="0" originy="0" style="Default" rotation="0" justify="" flipped="False" hidden="True" data="https://www.infineon.com/dgdl/Infineon-PASCO2V15-DataSheet-v01_30-EN.pdf?fileId=8ac78c8c914a3ac8019179fecd0c351d" />
    <text name="Description" originx="0" originy="0" style="Default" rotation="0" justify="" flipped="False" hidden="True" data="Air Quality Sensors ENVIRONMENTAL SENSING,Carbon Dioxide (CO2) Sensor I2C, PWM, UART" />
    <text name="Mouser Part Number" originx="0" originy="0" style="Default" rotation="0" justify="" flipped="False" hidden="True" data="726-PASCO2V15AUMA1" />
    <text name="Mouser Price/Stock" originx="0" originy="0" style="Default" rotation="0" justify="" flipped="False" hidden="True" data="https://www.mouser.co.uk/ProductDetail/Infineon-Technologies/PASCO2V15AUMA1?qs=i8QVZAFTkqQp3OH26KVxRw%3D%3D" />
    <text name="Manufacturer_Name" originx="0" originy="0" style="Default" rotation="0" justify="" flipped="False" hidden="True" data="Infineon" />
    <text name="Manufacturer_Part_Number" originx="1150" originy="200" style="Default" rotation="0" justify="left" flipped="False" hidden="False" data="PASCO2V15AUMA1" />
  </component>
</quadcept_library>
