<?xml version="1.0" encoding="utf-8"?>
<!--/269402/506064/2.50/2/2/Connector/-->
<quadcept_library>
  <setting unit="mil" />
  <textstyle name="Default" height="47.244094488189" strokewidth="7.8740157480315" charwidth="47.244094488189" />
  <textstyle name="Dimension" height="19.6850393700787" strokewidth="0" charwidth="19.6850393700787" />
  <textstyle name="H127W0635TH00762" height="50" strokewidth="3" charwidth="25" />
  <textstyle name="H15W15TH02" height="59.0551181102362" strokewidth="7.8740157480315" charwidth="59.0551181102362" />
  <padstyle name="c150_h100" surface="False" plated="True" isvia="False" nopaste="True" nomask="True" complex="False" holesize="39.370078740157">
    <padshape layer="TOP" shape="round" width="59.055118110235" height="59.055118110235" />
    <padshape layer="TOP_SOLDER_MASK" shape="round" width="66.929133858267" height="66.929133858267" />
    <padshape layer="INNER" shape="round" width="59.055118110235" height="59.055118110235" />
    <padshape layer="BOTTOM" shape="round" width="59.055118110235" height="59.055118110235" />
    <padshape layer="BOTTOM_SOLDER_MASK" shape="round" width="66.929133858267" height="66.929133858267" />
  </padstyle>
  <footprint name="1985195" originx="0" originy="0" pickpointx="0" pickpointy="0">
    <pcbpin number="1" name="1" style="c150_h100" originx="265.74803149606" originy="-196.85039370078" rotation="90" />
    <pcbpin number="2" name="2" style="c150_h100" originx="127.95275590551" originy="0" rotation="90" />
    <line layer="TOP_ASSEMBLY" originx="0" originy="90.551181102361" endx="334.64566929133" endy="90.551181102361" width="7.8740157480314" />
    <line layer="TOP_ASSEMBLY" originx="334.64566929133" originy="90.551181102361" endx="334.64566929133" endy="-381.88976377952" width="7.8740157480314" />
    <line layer="TOP_ASSEMBLY" originx="334.64566929133" originy="-381.88976377952" endx="0" endy="-381.88976377952" width="7.8740157480314" />
    <line layer="TOP_ASSEMBLY" originx="0" originy="-381.88976377952" endx="0" endy="90.551181102361" width="7.8740157480314" />
    <line layer="TOP_PLACE_BOUND" originx="-39.370078740157" originy="129.92125984252" endx="374.01574803149" endy="129.92125984252" width="3.9370078740157" />
    <line layer="TOP_PLACE_BOUND" originx="374.01574803149" originy="129.92125984252" endx="374.01574803149" endy="-421.25984251968" width="3.9370078740157" />
    <line layer="TOP_PLACE_BOUND" originx="374.01574803149" originy="-421.25984251968" endx="-39.370078740157" endy="-421.25984251968" width="3.9370078740157" />
    <line layer="TOP_PLACE_BOUND" originx="-39.370078740157" originy="-421.25984251968" endx="-39.370078740157" endy="129.92125984252" width="3.9370078740157" />
    <line layer="TOP_SILKSCREEN" originx="0" originy="90.551181102361" endx="334.64566929133" endy="90.551181102361" width="3.9370078740157" />
    <line layer="TOP_SILKSCREEN" originx="334.64566929133" originy="90.551181102361" endx="334.64566929133" endy="-381.88976377952" width="3.9370078740157" />
    <line layer="TOP_SILKSCREEN" originx="334.64566929133" originy="-381.88976377952" endx="0" endy="-381.88976377952" width="3.9370078740157" />
    <line layer="TOP_SILKSCREEN" originx="0" originy="-381.88976377952" endx="0" endy="90.551181102361" width="3.9370078740157" />
    <line layer="TOP_SILKSCREEN" originx="0" originy="90.551181102361" endx="0" endy="90.551181102361" width="3.9370078740157" />
  </footprint>
  <symbol name="1985195" originx="0" originy="0">
    <line originx="200" originy="100" endx="600" endy="100" width="0" />
    <line originx="600" originy="-100" endx="600" endy="100" width="0" />
    <line originx="600" originy="-100" endx="200" endy="-100" width="0" />
    <line originx="200" originy="100" endx="200" endy="-100" width="0" />
    <sympin number="1" originx="600" originy="0" rotation="0" length="100" width="7.8740157480315" flipped="False">
      <text name="pinname" originx="570" originy="0" style="Default" rotation="0" justify="right" flipped="False" hidden="False" data="1" />
      <text name="pindes" originx="660" originy="20" style="Default" rotation="0" justify="lowerleft" flipped="False" hidden="False" data="1" />
    </sympin>
    <sympin number="2" originx="200" originy="0" rotation="180" length="100" width="7.8740157480315" flipped="False">
      <text name="pinname" originx="230" originy="0" style="Default" rotation="0" justify="left" flipped="False" hidden="False" data="2" />
      <text name="pindes" originx="140" originy="20" style="Default" rotation="0" justify="lowerright" flipped="False" hidden="False" data="2" />
    </sympin>
  </symbol>
  <component name="1985195" designatorprefix="J" height="511.81102362204" footprint="1985195">
    <comppin designator="1" sympin="1" pinswap="0" gateswap="0" gate="1" group="1" side="" type="Any" name="1" />
    <comppin designator="2" sympin="2" pinswap="0" gateswap="0" gate="1" group="1" side="" type="Any" name="2" />
    <attached_symbol gate="1" name="1985195" />
    <pinmap designator="1" footprintpin="1" />
    <pinmap designator="2" footprintpin="2" />
    <text name="Datasheet" originx="0" originy="0" style="Default" rotation="0" justify="" flipped="False" hidden="True" data="https://datasheet.datasheetarchive.com/originals/distributors/SFDatasheet-2/sf-00059072.pdf" />
    <text name="Description" originx="0" originy="0" style="Default" rotation="0" justify="" flipped="False" hidden="True" data="PCB terminal block, nominal current: 8 A, rated voltage (III/2): 400 V, nominal cross section: 1.5 mm, number of potentials: 2, number of rows: 1, number of positions per row: 2, product range: PTSA 1,5, pitch: 3.5 mm, connection method: Push-in spring connection, mounting: Wave soldering, conductor/PCB connection direction: 45 , color: green, Pin layout: Zigzag pinning W, Solder pin [P]: 3.5 mm, number of solder pins per potential: 1, type of packaging: packed in cardboard. Offset soldering legs, two-row" />
    <text name="Manufacturer_Name" originx="0" originy="0" style="Default" rotation="0" justify="" flipped="False" hidden="True" data="Phoenix Contact" />
    <text name="Manufacturer_Part_Number" originx="650" originy="200" style="Default" rotation="0" justify="left" flipped="False" hidden="False" data="1985195" />
    <text name="Mouser Part Number" originx="0" originy="0" style="Default" rotation="0" justify="" flipped="False" hidden="True" data="651-1985195" />
    <text name="Mouser Price/Stock" originx="0" originy="0" style="Default" rotation="0" justify="" flipped="False" hidden="True" data="https://www.mouser.co.uk/ProductDetail/Phoenix-Contact/1985195?qs=nq%2FEIFkB2fEpUV%252BqAaKYzQ%3D%3D" />
    <text name="Arrow Part Number" originx="0" originy="0" style="Default" rotation="0" justify="" flipped="False" hidden="True" data="1985195" />
    <text name="Arrow Price/Stock" originx="0" originy="0" style="Default" rotation="0" justify="" flipped="False" hidden="True" data="https://www.arrow.com/en/products/1985195/phoenix-contact?utm_currency=USD&amp;region=nac" />
  </component>
</quadcept_library>
