<?xml version="1.0" encoding="utf-8"?>
<!--/759157/1563334/2.50/8/4/MOSFET (N-Channel)/-->
<quadcept_library>
  <setting unit="mil" />
  <textstyle name="Default" height="47.244094488189" strokewidth="7.8740157480315" charwidth="47.244094488189" />
  <textstyle name="Dimension" height="19.6850393700787" strokewidth="0" charwidth="19.6850393700787" />
  <textstyle name="H127W0635TH00762" height="50" strokewidth="3" charwidth="25" />
  <textstyle name="H15W15TH02" height="59.0551181102362" strokewidth="7.8740157480315" charwidth="59.0551181102362" />
  <padstyle name="r80_60" surface="True" plated="False" isvia="False" nopaste="False" nomask="True" complex="False" holesize="0">
    <padshape layer="TOP" shape="rectangle" width="23.622047244094" height="31.496062992126" />
    <padshape layer="TOP_SOLDER_MASK" shape="rectangle" width="31.496062992126" height="39.370078740157" />
    <padshape layer="TOP_SOLDER_PASTE" shape="rectangle" width="23.622047244094" height="31.496062992126" />
  </padstyle>
  <padstyle name="r50_50" surface="True" plated="False" isvia="False" nopaste="False" nomask="True" complex="False" holesize="0">
    <padshape layer="TOP" shape="rectangle" width="19.685039370078" height="19.685039370078" />
    <padshape layer="TOP_SOLDER_MASK" shape="rectangle" width="27.55905511811" height="27.55905511811" />
    <padshape layer="TOP_SOLDER_PASTE" shape="rectangle" width="19.685039370078" height="19.685039370078" />
  </padstyle>
  <padstyle name="r110_50" surface="True" plated="False" isvia="False" nopaste="False" nomask="True" complex="False" holesize="0">
    <padshape layer="TOP" shape="rectangle" width="19.685039370078" height="43.307086614173" />
    <padshape layer="TOP_SOLDER_MASK" shape="rectangle" width="27.55905511811" height="51.181102362204" />
    <padshape layer="TOP_SOLDER_PASTE" shape="rectangle" width="19.685039370078" height="43.307086614173" />
  </padstyle>
  <padstyle name="r441_375" surface="True" plated="False" isvia="False" nopaste="False" nomask="True" complex="False" holesize="0">
    <padshape layer="TOP" shape="rectangle" width="147.63779527559" height="173.62204724409" />
    <padshape layer="TOP_SOLDER_MASK" shape="rectangle" width="155.51181102362" height="181.49606299212" />
    <padshape layer="TOP_SOLDER_PASTE" shape="rectangle" width="147.63779527559" height="173.62204724409" />
  </padstyle>
  <padstyle name="r320_60" surface="True" plated="False" isvia="False" nopaste="False" nomask="True" complex="False" holesize="0">
    <padshape layer="TOP" shape="rectangle" width="23.622047244094" height="125.9842519685" />
    <padshape layer="TOP_SOLDER_MASK" shape="rectangle" width="31.496062992126" height="133.85826771653" />
    <padshape layer="TOP_SOLDER_PASTE" shape="rectangle" width="23.622047244094" height="125.9842519685" />
  </padstyle>
  <footprint name="BSC059N04LS6ATMA1" originx="0" originy="0" pickpointx="0" pickpointy="0">
    <pcbpin number="1" name="1" style="r50_50" originx="-74.999999999999" originy="-108.81889763779" rotation="0" />
    <pcbpin number="2" name="2" style="r50_50" originx="-25" originy="-108.81889763779" rotation="0" />
    <pcbpin number="3" name="3" style="r50_50" originx="25" originy="-108.81889763779" rotation="0" />
    <pcbpin number="4" name="4" style="r110_50" originx="74.999999999999" originy="-97.007874015747" rotation="0" />
    <pcbpin number="5" name="5" style="r80_60" originx="74.999999999999" originy="127.40157480315" rotation="0" />
    <pcbpin number="6" name="6" style="r80_60" originx="25" originy="127.40157480315" rotation="0" />
    <pcbpin number="7" name="7" style="r80_60" originx="-25" originy="127.40157480315" rotation="0" />
    <pcbpin number="8" name="8" style="r80_60" originx="-74.999999999999" originy="127.40157480315" rotation="0" />
    <pcbpin number="9" name="9" style="r441_375" originx="0" originy="37.834645669291" rotation="90" />
    <pcbpin number="10" name="10" style="r320_60" originx="-28.149606299212" originy="-87.165354330708" rotation="90" />
    <line layer="TOP_ASSEMBLY" originx="-98.425196850392" originy="-105.86614173228" endx="98.425196850392" endy="-105.86614173228" width="7.8740157480314" />
    <line layer="TOP_ASSEMBLY" originx="98.425196850392" originy="-105.86614173228" endx="98.425196850392" endy="130.35433070866" width="7.8740157480314" />
    <line layer="TOP_ASSEMBLY" originx="98.425196850392" originy="130.35433070866" endx="-98.425196850392" endy="130.35433070866" width="7.8740157480314" />
    <line layer="TOP_ASSEMBLY" originx="-98.425196850392" originy="130.35433070866" endx="-98.425196850392" endy="-105.86614173228" width="7.8740157480314" />
    <line layer="TOP_PLACE_BOUND" originx="-139.37007874016" originy="182.51968503937" endx="139.37007874016" endy="182.51968503937" width="3.9370078740157" />
    <line layer="TOP_PLACE_BOUND" originx="139.37007874016" originy="182.51968503937" endx="139.37007874016" endy="-182.51968503937" width="3.9370078740157" />
    <line layer="TOP_PLACE_BOUND" originx="139.37007874016" originy="-182.51968503937" endx="-139.37007874016" endy="-182.51968503937" width="3.9370078740157" />
    <line layer="TOP_PLACE_BOUND" originx="-139.37007874016" originy="-182.51968503937" endx="-139.37007874016" endy="182.51968503937" width="3.9370078740157" />
    <line layer="TOP_SILKSCREEN" originx="-98.425196850392" originy="130.35433070866" endx="-98.425196850392" endy="130.35433070866" width="3.9370078740157" />
    <line layer="TOP_SILKSCREEN" originx="-98.425196850392" originy="130.35433070866" endx="-98.425196850392" endy="-105.86614173228" width="3.9370078740157" />
    <line layer="TOP_SILKSCREEN" originx="-98.425196850392" originy="-105.86614173228" endx="-98.425196850392" endy="-105.86614173228" width="3.9370078740157" />
    <line layer="TOP_SILKSCREEN" originx="-98.425196850392" originy="-105.86614173228" endx="-98.425196850392" endy="130.35433070866" width="3.9370078740157" />
    <line layer="TOP_SILKSCREEN" originx="-78.740157480314" originy="-141.29921259842" endx="-78.740157480314" endy="-141.29921259842" width="7.8740157480314" />
    <arc layer="TOP_SILKSCREEN" originx="-76.889763779527" originy="-141.29921259842" startangle="180.0" sweepangle="180.0" radius="1.8503937007874" width="7.8740157480314" />
    <line layer="TOP_SILKSCREEN" originx="-74.999999999999" originy="-141.29921259842" endx="-74.999999999999" endy="-141.29921259842" width="7.8740157480314" />
    <arc layer="TOP_SILKSCREEN" originx="-76.889763779527" originy="-141.29921259842" startangle=".0" sweepangle="180.0" radius="1.8503937007874" width="7.8740157480314" />
    <line layer="TOP_SILKSCREEN" originx="-78.740157480314" originy="-141.29921259842" endx="-78.740157480314" endy="-141.29921259842" width="7.8740157480314" />
    <arc layer="TOP_SILKSCREEN" originx="-76.889763779527" originy="-141.29921259842" startangle="180.0" sweepangle="180.0" radius="1.8503937007874" width="7.8740157480314" />
    <line layer="TOP_SILKSCREEN" originx="98.425196850392" originy="130.35433070866" endx="98.425196850392" endy="-105.86614173228" width="3.9370078740157" />
  </footprint>
  <symbol name="BSC014N04LSI" originx="0" originy="0">
    <line originx="200" originy="100" endx="800" endy="100" width="0" />
    <line originx="800" originy="-400" endx="800" endy="100" width="0" />
    <line originx="800" originy="-400" endx="200" endy="-400" width="0" />
    <line originx="200" originy="100" endx="200" endy="-400" width="0" />
    <sympin number="1" originx="200" originy="0" rotation="180" length="100" width="7.8740157480315" flipped="False">
      <text name="pinname" originx="230" originy="0" style="Default" rotation="0" justify="left" flipped="False" hidden="False" data="S_1" />
      <text name="pindes" originx="140" originy="20" style="Default" rotation="0" justify="lowerright" flipped="False" hidden="False" data="1" />
    </sympin>
    <sympin number="2" originx="200" originy="-100" rotation="180" length="100" width="7.8740157480315" flipped="False">
      <text name="pinname" originx="230" originy="-100" style="Default" rotation="0" justify="left" flipped="False" hidden="False" data="S_2" />
      <text name="pindes" originx="140" originy="-80" style="Default" rotation="0" justify="lowerright" flipped="False" hidden="False" data="2" />
    </sympin>
    <sympin number="3" originx="200" originy="-200" rotation="180" length="100" width="7.8740157480315" flipped="False">
      <text name="pinname" originx="230" originy="-200" style="Default" rotation="0" justify="left" flipped="False" hidden="False" data="S_3" />
      <text name="pindes" originx="140" originy="-180" style="Default" rotation="0" justify="lowerright" flipped="False" hidden="False" data="3" />
    </sympin>
    <sympin number="4" originx="200" originy="-300" rotation="180" length="100" width="7.8740157480315" flipped="False">
      <text name="pinname" originx="230" originy="-300" style="Default" rotation="0" justify="left" flipped="False" hidden="False" data="G" />
      <text name="pindes" originx="140" originy="-280" style="Default" rotation="0" justify="lowerright" flipped="False" hidden="False" data="4" />
    </sympin>
    <sympin number="5" originx="800" originy="0" rotation="0" length="100" width="7.8740157480315" flipped="False">
      <text name="pinname" originx="770" originy="0" style="Default" rotation="0" justify="right" flipped="False" hidden="False" data="D_1" />
      <text name="pindes" originx="860" originy="20" style="Default" rotation="0" justify="lowerleft" flipped="False" hidden="False" data="5" />
    </sympin>
    <sympin number="6" originx="800" originy="-100" rotation="0" length="100" width="7.8740157480315" flipped="False">
      <text name="pinname" originx="770" originy="-100" style="Default" rotation="0" justify="right" flipped="False" hidden="False" data="D_2" />
      <text name="pindes" originx="860" originy="-80" style="Default" rotation="0" justify="lowerleft" flipped="False" hidden="False" data="6" />
    </sympin>
    <sympin number="7" originx="800" originy="-200" rotation="0" length="100" width="7.8740157480315" flipped="False">
      <text name="pinname" originx="770" originy="-200" style="Default" rotation="0" justify="right" flipped="False" hidden="False" data="D_3" />
      <text name="pindes" originx="860" originy="-180" style="Default" rotation="0" justify="lowerleft" flipped="False" hidden="False" data="7" />
    </sympin>
    <sympin number="8" originx="800" originy="-300" rotation="0" length="100" width="7.8740157480315" flipped="False">
      <text name="pinname" originx="770" originy="-300" style="Default" rotation="0" justify="right" flipped="False" hidden="False" data="D_4" />
      <text name="pindes" originx="860" originy="-280" style="Default" rotation="0" justify="lowerleft" flipped="False" hidden="False" data="8" />
    </sympin>
  </symbol>
  <component name="BSC014N04LSI" designatorprefix="Q" height="0" footprint="BSC059N04LS6ATMA1">
    <comppin designator="1" sympin="1" pinswap="0" gateswap="0" gate="1" group="1" side="" type="Any" name="S_1" />
    <comppin designator="2" sympin="2" pinswap="0" gateswap="0" gate="1" group="1" side="" type="Any" name="S_2" />
    <comppin designator="3" sympin="3" pinswap="0" gateswap="0" gate="1" group="1" side="" type="Any" name="S_3" />
    <comppin designator="4" sympin="4" pinswap="0" gateswap="0" gate="1" group="1" side="" type="Any" name="G" />
    <comppin designator="5" sympin="5" pinswap="0" gateswap="0" gate="1" group="1" side="" type="Any" name="D_1" />
    <comppin designator="6" sympin="6" pinswap="0" gateswap="0" gate="1" group="1" side="" type="Any" name="D_2" />
    <comppin designator="7" sympin="7" pinswap="0" gateswap="0" gate="1" group="1" side="" type="Any" name="D_3" />
    <comppin designator="8" sympin="8" pinswap="0" gateswap="0" gate="1" group="1" side="" type="Any" name="D_4" />
    <attached_symbol gate="1" name="BSC014N04LSI" />
    <pinmap designator="1" footprintpin="1" />
    <pinmap designator="2" footprintpin="2" />
    <pinmap designator="3" footprintpin="3" />
    <pinmap designator="4" footprintpin="4" />
    <pinmap designator="5" footprintpin="5" />
    <pinmap designator="6" footprintpin="6" />
    <pinmap designator="7" footprintpin="7" />
    <pinmap designator="8" footprintpin="8" />
    <text name="Datasheet" originx="0" originy="0" style="Default" rotation="0" justify="" flipped="False" hidden="True" data="https://www.infineon.com/dgdl/Infineon-BSC014N04LSI-DS-v02_02-EN.pdf?fileId=db3a3043353fdc16013552fc8f274806" />
    <text name="Description" originx="0" originy="0" style="Default" rotation="0" justify="" flipped="False" hidden="True" data="MOSFET N-Ch 40V 100A TDSON-8 FL OptiMOS" />
    <text name="Mouser Part Number" originx="0" originy="0" style="Default" rotation="0" justify="" flipped="False" hidden="True" data="726-BSC014N04LSI" />
    <text name="Mouser Price/Stock" originx="0" originy="0" style="Default" rotation="0" justify="" flipped="False" hidden="True" data="https://www.mouser.co.uk/ProductDetail/Infineon-Technologies/BSC014N04LSI?qs=EUA%2Fg8wssK0pTQXNTFzAjQ%3D%3D" />
    <text name="Manufacturer_Name" originx="0" originy="0" style="Default" rotation="0" justify="" flipped="False" hidden="True" data="Infineon" />
    <text name="Manufacturer_Part_Number" originx="850" originy="200" style="Default" rotation="0" justify="left" flipped="False" hidden="False" data="BSC014N04LSI" />
  </component>
</quadcept_library>
