<?xml version="1.0" encoding="utf-8"?>
<!--/853981/506064/2.50/2/2/Connector/-->
<quadcept_library>
  <setting unit="mil" />
  <textstyle name="Default" height="47.244094488189" strokewidth="7.8740157480315" charwidth="47.244094488189" />
  <textstyle name="Dimension" height="19.6850393700787" strokewidth="0" charwidth="19.6850393700787" />
  <textstyle name="H127W0635TH00762" height="50" strokewidth="3" charwidth="25" />
  <textstyle name="H15W15TH02" height="59.0551181102362" strokewidth="7.8740157480315" charwidth="59.0551181102362" />
  <padstyle name="c195_h130" surface="False" plated="True" isvia="False" nopaste="True" nomask="True" complex="False" holesize="51.181102362204">
    <padshape layer="TOP" shape="round" width="76.771653543306" height="76.771653543306" />
    <padshape layer="TOP_SOLDER_MASK" shape="round" width="84.645669291338" height="84.645669291338" />
    <padshape layer="INNER" shape="round" width="76.771653543306" height="76.771653543306" />
    <padshape layer="BOTTOM" shape="round" width="76.771653543306" height="76.771653543306" />
    <padshape layer="BOTTOM_SOLDER_MASK" shape="round" width="84.645669291338" height="84.645669291338" />
  </padstyle>
  <padstyle name="s195_h130" surface="False" plated="True" isvia="False" nopaste="True" nomask="True" complex="False" holesize="51.181102362204">
    <padshape layer="TOP" shape="square" width="76.771653543306" height="76.771653543306" />
    <padshape layer="TOP_SOLDER_MASK" shape="square" width="84.645669291338" height="84.645669291338" />
    <padshape layer="INNER" shape="round" width="76.771653543306" height="76.771653543306" />
    <padshape layer="BOTTOM" shape="square" width="76.771653543306" height="76.771653543306" />
    <padshape layer="BOTTOM_SOLDER_MASK" shape="square" width="84.645669291338" height="84.645669291338" />
  </padstyle>
  <footprint name="1733415" originx="0" originy="0" pickpointx="0" pickpointy="0">
    <pcbpin number="1" name="1" style="s195_h130" originx="0" originy="0" rotation="90" />
    <pcbpin number="2" name="2" style="c195_h130" originx="196.85039370078" originy="0" rotation="90" />
    <line layer="TOP_ASSEMBLY" originx="-98.425196850392" originy="251.968503937" endx="295.27559055118" endy="251.968503937" width="7.8740157480314" />
    <line layer="TOP_ASSEMBLY" originx="295.27559055118" originy="251.968503937" endx="295.27559055118" endy="-275.5905511811" width="7.8740157480314" />
    <line layer="TOP_ASSEMBLY" originx="295.27559055118" originy="-275.5905511811" endx="-98.425196850392" endy="-275.5905511811" width="7.8740157480314" />
    <line layer="TOP_ASSEMBLY" originx="-98.425196850392" originy="-275.5905511811" endx="-98.425196850392" endy="251.968503937" width="7.8740157480314" />
    <line layer="TOP_SILKSCREEN" originx="-98.425196850392" originy="251.968503937" endx="295.27559055118" endy="251.968503937" width="3.9370078740157" />
    <line layer="TOP_SILKSCREEN" originx="295.27559055118" originy="251.968503937" endx="295.27559055118" endy="-275.5905511811" width="3.9370078740157" />
    <line layer="TOP_SILKSCREEN" originx="295.27559055118" originy="-275.5905511811" endx="-98.425196850392" endy="-275.5905511811" width="3.9370078740157" />
    <line layer="TOP_SILKSCREEN" originx="-98.425196850392" originy="-275.5905511811" endx="-98.425196850392" endy="251.968503937" width="3.9370078740157" />
    <arc layer="TOP_SILKSCREEN" originx="-131.88976377953" originy="0" startangle="180" sweepangle="180" radius="1.9685039370079" width="7.8740157480314" />
    <arc layer="TOP_SILKSCREEN" originx="-131.88976377953" originy="0" startangle="180" sweepangle="-180" radius="1.9685039370079" width="7.8740157480314" />
    <line layer="TOP_PLACE_BOUND" originx="-167.32283464567" originy="291.33858267716" endx="334.64566929133" endy="291.33858267716" width="1.9685039370079" />
    <line layer="TOP_PLACE_BOUND" originx="334.64566929133" originy="291.33858267716" endx="334.64566929133" endy="-314.96062992126" width="1.9685039370079" />
    <line layer="TOP_PLACE_BOUND" originx="334.64566929133" originy="-314.96062992126" endx="-167.32283464567" endy="-314.96062992126" width="1.9685039370079" />
    <line layer="TOP_PLACE_BOUND" originx="-167.32283464567" originy="-314.96062992126" endx="-167.32283464567" endy="291.33858267716" width="1.9685039370079" />
  </footprint>
  <symbol name="1733415" originx="0" originy="0">
    <line originx="200" originy="100" endx="600" endy="100" width="0" />
    <line originx="600" originy="-200" endx="600" endy="100" width="0" />
    <line originx="600" originy="-200" endx="200" endy="-200" width="0" />
    <line originx="200" originy="100" endx="200" endy="-200" width="0" />
    <sympin number="1" originx="200" originy="0" rotation="180" length="100" width="7.8740157480315" flipped="False">
      <text name="pinname" originx="230" originy="0" style="Default" rotation="0" justify="left" flipped="False" hidden="False" data="1" />
      <text name="pindes" originx="140" originy="20" style="Default" rotation="0" justify="lowerright" flipped="False" hidden="False" data="1" />
    </sympin>
    <sympin number="2" originx="200" originy="-100" rotation="180" length="100" width="7.8740157480315" flipped="False">
      <text name="pinname" originx="230" originy="-100" style="Default" rotation="0" justify="left" flipped="False" hidden="False" data="2" />
      <text name="pindes" originx="140" originy="-80" style="Default" rotation="0" justify="lowerright" flipped="False" hidden="False" data="2" />
    </sympin>
  </symbol>
  <component name="1733415" designatorprefix="J" height="608.26771653543" footprint="1733415">
    <comppin designator="1" sympin="1" pinswap="0" gateswap="0" gate="1" group="1" side="" type="Any" name="1" />
    <comppin designator="2" sympin="2" pinswap="0" gateswap="0" gate="1" group="1" side="" type="Any" name="2" />
    <attached_symbol gate="1" name="1733415" />
    <pinmap designator="1" footprintpin="1" />
    <pinmap designator="2" footprintpin="2" />
    <text name="Datasheet" originx="0" originy="0" style="Default" rotation="0" justify="" flipped="False" hidden="True" data="http://www.phoenixcontact.com/de/produkte/1733415/pdf" />
    <text name="Description" originx="0" originy="0" style="Default" rotation="0" justify="" flipped="False" hidden="True" data="PCB terminal block, nominal current: 17.5 A, rated voltage (III/2): 400 V, nominal cross section: 1.5 mm?, Number of potentials: 2, Number of rows: 1, Number of positions per row: 2, product range: SMKDSP 1,5, pitch: 5 mm, connection method: Screw connection with tension sleeve, mounting: Wave soldering, conductor/PCB connection direction: 55 ?, color: green, Pin layout: Linear pinning, Solder pin [P]: 3.5 mm, type of packaging: packed in cardboard. The article can be aligned to create different nos. of pos" />
    <text name="Manufacturer_Name" originx="0" originy="0" style="Default" rotation="0" justify="" flipped="False" hidden="True" data="Phoenix Contact" />
    <text name="Manufacturer_Part_Number" originx="650" originy="200" style="Default" rotation="0" justify="left" flipped="False" hidden="False" data="1733415" />
    <text name="Mouser Part Number" originx="0" originy="0" style="Default" rotation="0" justify="" flipped="False" hidden="True" data="651-1733415" />
    <text name="Mouser Price/Stock" originx="0" originy="0" style="Default" rotation="0" justify="" flipped="False" hidden="True" data="https://www.mouser.co.uk/ProductDetail/Phoenix-Contact/1733415?qs=UV0HhPl4yOH7Yv4%2FsABU%2FQ%3D%3D" />
    <text name="Arrow Part Number" originx="0" originy="0" style="Default" rotation="0" justify="" flipped="False" hidden="True" data="1733415" />
    <text name="Arrow Price/Stock" originx="0" originy="0" style="Default" rotation="0" justify="" flipped="False" hidden="True" data="https://www.arrow.com/en/products/1733415/phoenix-contact?region=nac" />
  </component>
</quadcept_library>
